title,data,play,link,en_title,de_title,es_title,ru_title,en_play,de_play,es_play,ru_play,en_link,de_link,es_link,ru_link,en_meta_title,en_meta_description,en_meta_twitter,de_meta_title,de_meta_description,de_meta_twitter,es_meta_title,es_meta_description,es_meta_twitter,ru_meta_title,ru_meta_description,ru_meta_twitter
Texas Holdem,texas-holdem,"Ready to Start Putting all You've Learned into Action?

At 888poker, you will find a wide range of Texas Hold'em games – from Multi-Table Tournaments to Cash Games.

And, it's as easy as 1-2-3 to download the state-of-the-art poker software and start crushing the tables.

Start with our Beginner Play Money tables and put into practice what you've learned here. You can also play at the Cash Money Tables for nothing, with our No Deposit Bonuses. Or get free entry to events, like the monthly Twitter and Facebook Free Tournaments.

Isn't it time you started playing at 888poker?",http://uk.888poker.com/official-texas-holdem/,Texas Holdem,Texas Holdem,Texas Holdem,Texas Holdem,"Ready to Start Putting all You've Learned into Action?

At 888poker, you will find a wide range of Texas Hold'em games – from Multi-Table Tournaments to Cash Games.

And, it's as easy as 1-2-3 to download the state-of-the-art poker software and start crushing the tables.

Start with our Beginner Play Money tables and put into practice what you've learned here. You can also play at the Cash Money Tables for nothing, with our No Deposit Bonuses. Or get free entry to events, like the monthly Twitter and Facebook Free Tournaments.

Isn't it time you started playing at 888poker?","Sind Sie bereit, all das, was Sie gelernt haben, in die Praxis umzusetzen?

Bei 888poker finden Sie eine große Bandbreite an Texas Hold'em-Spielen – von Multi-Table-Turnieren bis hin zu Cash Games.

Und es ist so leicht wie das Zählen bis Drei das modernste Pokerprogramm herunterzuladen und damit zu beginnen, die Tische aufzumischen.

Beginnen Sie mit unseren Beginner Play Money-Tischen und setzen Sie um, was Sie hier gelernt haben. Sie können mit unseren Bonusgutschriften auch umsonst an Cash Money-Tischen spielen, ohne etwas einzuzahlen. Oder erhalten Sie kostenlos Zugang zu unseren Veranstaltungen, wie den monatlichen Gratisturnieren auf Twitter und Facebook.

Ist es nicht an der Zeit, dass Sie hier bei 888poker mit dem Spielen beginnen?","¿Estás listo para comenzar a poner en acción lo que has aprendido?

En 888poker, encontrarás una amplia variedad de juegos de Texas Hold'em: desde torneos de mesas múltiples hasta juegos en efectivo.

Además, descargar el moderno software de poker y comenzar a aplastar las mesas es tan fácil como contar 1-2-3.

Comienza con nuestras mesas de Dinero Ficticio para Principiantes y pon en práctica lo que has aprendido aquí. También puedes jugar en las Mesas de Dinero en Efectivo por nada, con nuestro Bono de No Depósito. U obtén una entrada gratis a eventos, como los Torneos Gratis mensuales en Twitter y Facebook.

¿No es hora ya de que comiences a jugar en 888poker?","Готовы применить полученные знания на практике?

На 888poker вы найдете множество разновидностей игр в Texas Hold'em — от турниров на несколько столов до игр на деньги.

Это просто, как дважды два. Скачайте новейшую программу для игры в покер и начинайте разорять столы.

Начните со столов для новичков и используйте на практике полученные знания. Вы также можете бесплатно играть за денежными столами с помощью нашего бездепозитного бонуса. Или получить бесплатный вход на различные мероприятия, например ежемесячные бесплатные турниры Twitter и Facebook.

Вы все еще не играете на 888poker?",http://uk.888poker.com/official-texas-holdem/,http://uk.888poker.com/official-texas-holdem/,http://uk.888poker.com/official-texas-holdem/,http://ru.888pokernetwork.com/official-texas-holdem/,Texas Holdem - an Interactive Poker Guide by 888poker,"Learn how to play the most popular card game with The Game visual guide. Don't waste time, learn Texas Holdem and start your first hand right now.",Learn how to play Texas Holdem in no time with our @888poker visual guide #thegame,"Texas Hold‘em - eine interaktive Pokeranleitung von 888poker","Erlernen Sie das beliebteste Kartenspiel mit Hilfe der visuellen Anleitung ""The Game"". Verlieren Sie keine Zeit, erlernen Sie Texas Hold‘em und beginnen Sie sofort mit Ihrer ersten Kartenhand.","Erlernen Sie in Windeseile Texas Hold‘em mit der visuellen Anleitung #thegame von @888poker.","Texas Hold’em: Una guía de póker interactiva de 888poker","Aprende a jugar al juego de cartas más popular con la guía visual The Game. No pierdas más tiempo; aprende a jugar a Texas Hold’em y comienza tu primera mano ahora mismo.","Aprende a jugar a Texas Hold’em de inmediato con nuestra guía visual #thegame de @888poker","Texas Hold’em — это интерактивное руководство по покеру от 888poker","Научитесь играть в самые популярные карточные игры с помощью визуального руководства The Game. Не теряйте времени даром: научитесь играть в Texas Hold’em и приступайте к первой раздаче прямо сейчас.","Научитесь играть в Texas Hold’em в кратчайшие сроки с помощью визуального руководства от @888poker #thegame"
Omaha HI,omaha,"Ready to Start Putting all You've Learned into Action?

It's as easy as 1-2-3 to download the state-of-the-art poker software and start crushing the tables.

Start with our Beginner Play Money tables and put into practice what you've learned here. You can also play at the Cash Money Tables for nothing, with our No Deposit Bonuses. Or get free entry to events, like the monthly Twitter and Facebook Free Tournaments.

Isn't it time you started playing at 888poker?",http://uk.888poker.com/official-omaha-hi/,Omaha HI,Omaha HI,Omaha HI,Omaha HI,"Ready to Start Putting all You've Learned into Action?

It's as easy as 1-2-3 to download the state-of-the-art poker software and start crushing the tables.

Start with our Beginner Play Money tables and put into practice what you've learned here. You can also play at the Cash Money Tables for nothing, with our No Deposit Bonuses. Or get free entry to events, like the monthly Twitter and Facebook Free Tournaments.

Isn't it time you started playing at 888poker?","Bereit, all das, was Sie gelernt haben, in Action umzusetzen?

Es ist so einfach wie 1, 2, 3, die topaktuelle Pokersoftware herunterzuladen und Tisch für Tisch zu gewinnen.

Beginnen Sie mit unseren Beginner Play Money-Tischen und setzen Sie um, was Sie hier gelernt haben. Sie können mit unseren Bonusgutschriften auch umsonst an Cash Money-Tischen spielen, ohne etwas einzuzahlen. Eine andere Möglichkeit besteht in der kostenlosen Teilnahme an Veranstaltungen, wie den monatlichen Gratisturnieren auf Twitter und Facebook.

Wäre es nicht an der Zeit, mit dem Poker auf 888poker zu beginnen?
","¿Estás Listo para comenzar a poner en acción lo que has aprendido?

Es tan fácil como contar hasta tres. Descarga el fabuloso programa de póquer y comienza a arrasar en  las mesas.

Comienza con nuestras mesas de Dinero Ficticio para Principiantes y pon en práctica lo que has aprendido aquí. También puedes jugar en las Mesas de Dinero en Efectivo por nada, con nuestro Bono sin ingreso. U obtén una entrada gratis a eventos, como los Torneos Gratuitos mensuales en Twitter y Facebook.

¿No es tiempo ya de que comiences a jugar en 888poker?
","Готовы применить полученные знания на практике?

Это просто, как дважды два. Скачайте новейшую программу для игры в покер и начинайте разорять столы.

Начните со столов для новичков и используйте на практике полученные знания. Вы также можете бесплатно играть за денежными столами с помощью нашего бездепозитного бонуса. Или получите бесплатный вход на такие мероприятия, как ежемесячные бесплатные турниры Twitter и Facebook.

Вы все еще не играете на 888poker?
",http://uk.888poker.com/official-omaha-hi/,http://uk.888poker.com/official-omaha-hi/,http://uk.888poker.com/official-omaha-hi/,http://ru.888pokernetwork.com/official-omaha-hi/,Omaha Hi - an Interactive Poker Guide by 888poker,The Omaha Hi (PLO) visual guide is a perfect place to start learning this exciting game. Get the inside scoop on how to play Omaha in a few simple steps.,Learn how to play Omaha Hi (PLO) in no time with our @888poker visual guide #thegame,"Omaha Hi - eine interaktive Pokeranleitung von 888poker","Unsere visuelle Anleitung für ""Omaha Hi (PLO)"" ist ein perfekter Ort um mit dem Erlernen dieses spannenden Spiels zu beginnen. Erhalten Sie exklusive Tipps, wie Sie Omaha in wenigen einfachen Schritten erlernen können.","Erlernen Sie in Windeseile Omaha Hi (PLO) mit der visuellen Anleitung #thegame von @888poker.","Omaha Hi: Una guía de póker interactiva de 888poker","La guía visual Omaha Hi (PLO) es el lugar perfecto para aprender a jugar este juego alucinante. Obtén consejos exclusivos de expertos sobre cómo jugar a Omaha en unos simples pasos.","Aprende a jugar a Omaha Hi (PLO) de inmediato con nuestra guía visual #thegame de @888poker","Omaha Hi — это интерактивное руководство по покеру от 888poker","Визуальное руководство Omaha Hi (PLO) предлагает вам прекрасную возможность познакомиться с этой захватывающей игрой. Узнайте секреты, которые помогут вам обучиться игре Omaha всего за несколько простых шагов.","Научитесь играть в Omaha Hi (PLO) в кратчайшие сроки с помощью визуального руководства от @888poker #thegame"
Omaha HI/LO,omaha-hi-lo,"Ready to Start Putting all You've Learned into Action?

It's as easy as 1-2-3 to download the state-of-the-art poker software and start crushing the tables.

Start with our Beginner Play Money tables and put into practice what you've learned here. You can also play at the Cash Money Tables for nothing, with our No Deposit Bonuses. Or get free entry to events, like the monthly Twitter and Facebook Free Tournaments.

Isn't it time you started playing at 888poker?",http://uk.888poker.com/official-omaha-hi-lo/,Omaha HI/LO,Omaha HI/LO,Omaha HI/LO,Omaha HI/LO,"Ready to Start Putting all You've Learned into Action?

It's as easy as 1-2-3 to download the state-of-the-art poker software and start crushing the tables.

Start with our Beginner Play Money tables and put into practice what you've learned here. You can also play at the Cash Money Tables for nothing, with our No Deposit Bonuses. Or get free entry to events, like the monthly Twitter and Facebook Free Tournaments.

Isn't it time you started playing at 888poker?","Bereit, all das, was Sie gelernt haben, in Action umzusetzen?

Es ist so einfach wie 1, 2, 3, die topaktuelle Pokersoftware herunterzuladen und Tisch für Tisch zu gewinnen.

Beginnen Sie mit unseren Beginner Play Money-Tischen und setzen Sie um, was Sie hier gelernt haben. Sie können mit unseren Bonusgutschriften auch umsonst an Cash Money-Tischen spielen, ohne etwas einzuzahlen. Eine andere Möglichkeit besteht in der kostenlosen Teilnahme an Veranstaltungen, wie den monatlichen Gratisturnieren auf Twitter und Facebook.

Wäre es nicht an der Zeit, mit dem Poker auf 888poker zu beginnen?
","¿Estás Listo para Comenzar a Poner en Acción lo que Has Aprendido?

Es tan fácil como el 1-2-3, descarga el programa del estado-del-arte del póquer y comenzar a aplastar las mesas.

Comienza con nuestras mesas de Dinero Ficticio para Principiantes y pon en práctica lo que has aprendido aquí. También puedes jugar en las Mesas de Dinero en Efectivo por nada, con nuestro Bono de No Depósito. U obtén una entrada gratis a eventos, como los Torneos Gratuitos mensuales en Twitter y Facebook.

¿No es tiempo ya de que comiences a jugar en 888poker?
","Готовы применить полученные знания на практике?

Это просто, как дважды два. Скачайте новейшую программу для игры в покер и начинайте разорять столы.

Начните со столов для новичков и используйте на практике полученные знания. Вы также можете бесплатно играть за денежными столами с помощью нашего бездепозитного бонуса. Или получите бесплатный вход на такие мероприятия, как ежемесячные бесплатные турниры Twitter и Facebook.

Вы все еще не играете на 888poker?
",http://uk.888poker.com/official-omaha-hi-lo/,http://uk.888poker.com/official-omaha-hi-lo/,http://uk.888poker.com/official-omaha-hi-lo/,http://ru.888pokernetwork.com/official-omaha-hi-lo/,Omaha Hi-Lo - an Interactive Poker Guide by 888poker,Omaha Hi-Lo is one of the most popular poker games with two winners. Learn how to play this exciting game with our visual guide. Get more chances to win!,Learn how to play Omaha Hi-Lo with our @888poker visual guide #thegame,"Omaha Hi-Lo - eine interaktive Pokeranleitung von 888poker","Omaha Hi-Lo ist eine der beliebtesten Pokervarianten mit zwei Gewinnern. Erlernen Sie dieses spannende Spiel mit unserer visuellen Anleitung. Erhalten Sie mehr Chancen auf einen Gewinn!",Erlernen Sie Omaha Hi-Lo mit der visuellen Anleitung #thegame von @888poker.,"Omaha Hi-Lo: Una guía de póker interactiva de 888poker","Omaha Hi-Lo es uno de los juegos de póker más populares que tiene dos ganadores. Aprende a jugar a este juego alucinante con nuestra guía visual. ¡Obtén más oportunidades de ganar!","Aprende a jugar a Omaha Hi-Lo con la guía visual #thegame de @888poker","Omaha Hi-Lo — это интерактивное руководство по покеру от 888poker","Omaha Hi-Lo — это одна из самых популярных игр в покер, в которой может быть два победителя. Обучитесь этой захватывающей игре с помощью нашего визуального руководства. У вас будет больше шансов выиграть!","Научитесь играть в Omaha Hi-Lo в кратчайшие сроки с помощью визуального руководства от @888poker #thegame"
7 Card Stud,seven-card-stud,"Stud Poker has a unique style that just makes you want to play more. It takes patience and a decent amount of skill to get really good at this form of poker, but it's well worth the effort.

It's as easy as 1-2-3 to download the state-of-the-art poker software and start crushing the tables.

Start with our Beginner Play Money tables and put into practice what you've learned here. You can also play at the Cash Money Tables for nothing, with our No Deposit Bonuses. Or get free entry to events, like the monthly Twitter and Facebook Free Tournaments.

Isn't it time you started playing at 888poker?",http://uk.888poker.com/official-seven-card-stud/,7 Card Stud,"7 Card Stud
",7 Card Stud,7 Card Stud,"Stud Poker has a unique style that just makes you want to play more. It takes patience and a decent amount of skill to get really good at this form of poker, but it's well worth the effort.

It's as easy as 1-2-3 to download the state-of-the-art poker software and start crushing the tables.

Start with our Beginner Play Money tables and put into practice what you've learned here. You can also play at the Cash Money Tables for nothing, with our No Deposit Bonuses. Or get free entry to events, like the monthly Twitter and Facebook Free Tournaments.

Isn't it time you started playing at 888poker?","Stud Poker besitzt eine einzigartige Anziehungskraft, die einfach dazu animiert, mehr zu spielen. Es verlangt Geduld und das nötige Maß an Fähigkeiten, um in dieser Form des Pokers wirklich gut zu werden, aber es ist die Mühe wert.

Das Herunterladen der hochmodernen Pokersoftware ist kinderleicht – also nichts wie ran an die Tische.

Beginnen Sie mit unseren Demospieltischen für Anfänger und setzen Sie das hier Gelernte dort um. Mit unseren Boni, für die keine Einzahlung erforderlich ist, können Sie auch an unseren Echtgeldtischen umsonst spielen. Oder nehmen Sie kostenlos an Veranstaltungen wie den monatlich stattfindenden Twitter- und Facebook-Gratisturnieren teil.

Ist es nicht an der Zeit, bei 888poker zu spielen?
","El juego de poker Stud cuenta con un estilo único que te hace querer jugar más y más. Se necesita paciencia y cierta habilidad para ser bueno en este tipo de poker, pero merece mucho la pena.

¡Descargar lo último en software de poker y comenzar a ganar en las mesas está chupado!

Comienza con nuestras mesas de jugar en prácticas para principiantes y aplica lo que has aprendido aquí. También puedes jugar en las mesas de juegos en efectivo con nuestros bonus sin depósito. O también puedes obtener entradas gratuitas para eventos, como los torneos gratis mensuales de Twitter y Facebook.

¿No era ya hora de que comenzaras a jugar en 888poker?
","Стад-покер отличается уникальным форматом, и в него хочется играть все больше и больше. Чтобы стать сильным игроком в этой разновидности, необходимо терпение и немалое количество навыков, но оно того стоит.

Загрузить наше современное программное обеспечение и начать обыгрывать соперников проще простого.

Начните с наших столов для новичков и поиграйте на условные деньги, чтобы применить полученные знания на практике. Благодаря нашим бездепозитным бонусам вы можете попробовать свои силы за кэш-столами на реальные деньги абсолютно бесплатно. Или же получите право на бесплатное участие в турнирах, таких как наши ежемесячные турниры для подписчиков Twitter и Facebook.

Может быть, пришло ваше время начать играть на 888poker?
",http://uk.888poker.com/official-seven-card-stud/,http://uk.888poker.com/official-seven-card-stud/,http://uk.888poker.com/official-seven-card-stud/,http://ru.888pokernetwork.com/official-seven-card-stud/,7 Card Stud - an Interactive Poker Guide by 888poker,Seven Card Stud is a great alternative to Texas Holdem poker. Learn to play the ‘father of poker’ in no time with The Game visual guide.,Learn to play Seven Card Stud with @888poker visual guide. #thegame,"7 Card Stud - eine interaktive Pokeranleitung von 888poker","Seven Card Stud ist eine großartige Alternative zu Texas Holdem. Erlernen Sie den ""Vater des Pokerspiels"" mit Hilfe der visuellen Anleitung ""The Game"".","Erlernen Sie Seven Card Stud mit der visuellen Anleitung #thegame von @888poker.","7-Card Stud: Una guía de póker interactiva de 888poker","7-Card Stud es una excelente alternativa al póker Texas Hold’em. Aprende a jugar el juego de póker por excelencia de inmediato con la guía visual The Game.","Aprende a jugar a 7-Card Stud con la guía visual #thegame de @888poker","7 Card Stud — это интерактивное руководство по покеру от 888poker","7 Card Stud — это чудесная альтернатива игре Texas Hold’em. Обучитесь в кратчайшие сроки игре, от которой произошли все другие виды покера, с помощью визуального руководства The Game.","Обучитесь игре 7-Card Stud с помощью визуального руководства от @888poker #thegame"
SNAP,snap,"Ready to Start Putting all You've Learned into Action?

It's as easy as 1-2-3 to download the state-of-the-art poker software and start crushing the tables.

Isn't it time you started playing at 888poker?",http://uk.888poker.com/official-texas-holdem/,SNAP,SNAP,SNAP,SNAP,"Ready to Start Putting all You've Learned into Action?

It's as easy as 1-2-3 to download the state-of-the-art poker software and start crushing the tables.

Isn't it time you started playing at 888poker?","Bereit, das Gelernte in die Tat umzusetzen?

Es ist kinderleicht, die hochmoderne Poker-Software herunterzuladen und zu beginnen, die Tische aufzumischen.

Wird es nicht Zeit, bei 888poker zu spielen?
","¿Listo para poner en práctica todo lo que has aprendido?

¡Descargar lo último en software de poker y comenzar a ganar en las mesas está chupado!

¿No era ya hora de que comenzaras a jugar en 888poker?
","Готовы найти применение полученным знаниям?

Загрузить наш ультрасовременный покерный софт и начать обыгрывать соперников проще простого.

Может быть, пришло ваше время поиграть на 888poker?
",http://uk.888poker.com/official-texas-holdem/,http://uk.888poker.com/official-texas-holdem/,http://uk.888poker.com/official-texas-holdem/,http://ru.888poker.com/official-texas-holdem/,SNAP poker - an Interactive Poker Guide by 888poker,SNAP poker is a fast-fold game format designed to reduce the time between a fold and a new hand. Learn SNAP today and won't have to wait long to win!,Learn SNAP poker today! #thegame @888poker,"SNAP-Poker - eine interaktive Pokeranleitung von 888poker","SNAP-Poker ist ein Pokerformat für schnelles Aussteigen mit dem Ziel die Zeit zwischen dem Aussteigen und dem Ziehen einer neuen Kartenhand zu reduzieren. Erlernen Sie SNAP noch heute und Sie werden nicht lange auf einen Gewinn warten müssen!","Erlernen Sie SNAP-Poker noch heute! #thegame @888poker","SNAP poker: Una guía de póker interactiva de 888poker","SNAP poker es un juego de formato de retirada rápida diseñado para reducir el tiempo entre una retirada y la mano nueva. ¡Aprende a jugar a SNAP hoy mismo y ya no tendrás que esperar mucho tiempo para ganar!","¡Aprende a jugar a SNAP poker hoy mismo! #thegame @888poker","SNAP Poker — это интерактивное руководство по покеру от 888poker","SNAP Poker — это вариант игры в быстрый покер с сокращенным временным интервалом между пасом и новой раздачей. Научитесь играть в SNAP Poker уже сегодня, и победа не заставит себя долго ждать!","Научитесь играть в SNAP Poker уже сегодня! #thegame @888poker"